# packet	field	type
# source_protocol_dir	1.26.10
# source_protocol_json	data/minecraft-data/bedrock/1.26.10/protocol.json
add_behavior_tree	behaviortree	"string"
add_entity	unique_id	"zigzag64"
add_entity	runtime_id	"varint64"
add_entity	entity_type	"string"
add_entity	position	"vec3f"
add_entity	velocity	"vec3f"
add_entity	pitch	"lf32"
add_entity	yaw	"lf32"
add_entity	head_yaw	"lf32"
add_entity	body_yaw	"lf32"
add_entity	attributes	"EntityAttributes"
add_entity	metadata	"MetadataDictionary"
add_entity	properties	"EntityProperties"
add_entity	links	"Links"
add_item_entity	entity_id_self	"zigzag64"
add_item_entity	runtime_entity_id	"varint64"
add_item_entity	item	"Item"
add_item_entity	position	"vec3f"
add_item_entity	velocity	"vec3f"
add_item_entity	metadata	"MetadataDictionary"
add_item_entity	is_from_fishing	"bool"
add_painting	entity_id_self	"zigzag64"
add_painting	runtime_entity_id	"varint64"
add_painting	coordinates	"vec3f"
add_painting	direction	"zigzag32"
add_painting	title	"string"
add_player	uuid	"uuid"
add_player	username	"string"
add_player	runtime_id	"varint64"
add_player	platform_chat_id	"string"
add_player	position	"vec3f"
add_player	velocity	"vec3f"
add_player	pitch	"lf32"
add_player	yaw	"lf32"
add_player	head_yaw	"lf32"
add_player	held_item	"Item"
add_player	gamemode	"GameMode"
add_player	metadata	"MetadataDictionary"
add_player	properties	"EntityProperties"
add_player	unique_id	"li64"
add_player	permission_level	"PermissionLevel"
add_player	command_permission	"CommandPermissionLevel"
add_player	abilities	["array",{"countType":"u8","type":"AbilityLayers"}]
add_player	links	"Links"
add_player	device_id	"string"
add_player	device_os	"DeviceOS"
add_volume_entity	runtime_id	"varint64"
add_volume_entity	nbt	"nbt"
add_volume_entity	encoding_identifier	"string"
add_volume_entity	instance_name	"string"
add_volume_entity	bounds	["container",[{"name":"min","type":"BlockCoordinates"},{"name":"max","type":"BlockCoordinates"}]]
add_volume_entity	dimension	"zigzag32"
add_volume_entity	engine_version	"string"
adventure_settings	flags	"AdventureFlags"
adventure_settings	command_permission	"CommandPermissionLevelVarint"
adventure_settings	action_permissions	"ActionPermissions"
adventure_settings	permission_level	"PermissionLevel"
adventure_settings	custom_stored_permissions	"varint"
adventure_settings	user_id	"li64"
agent_action	request_id	"string"
agent_action	action_type	["mapper",{"type":"zigzag32","mappings":{"0":"none","1":"attack","2":"collect","3":"destroy","4":"detect_redstone","5":"detect_obstacle","6":"drop","7":"drop_all","8":"inspect","9":"inspect_data","10":"inspect_item_count","11":"inspect_item_detail","12":"inspect_item_space","13":"interact","14":"move","15":"place_block","16":"till","17":"transfer_item_to","18":"turn"}}]
agent_action	body	"string"
agent_animation	animation	["mapper",{"type":"u8","mappings":{"0":"arm_swing","1":"shrug"}}]
agent_animation	entity_runtime_id	"varint64"
animate	action_id	["mapper",{"type":"u8","mappings":{"0":"none","1":"swing_arm","2":"unknown","3":"wake_up","4":"critical_hit","5":"magic_critical_hit"}}]
animate	runtime_entity_id	"varint64"
animate	data	"lf32"
animate	has_swing_source	"bool"
animate	swing_source	["switch",{"compareTo":"has_swing_source","fields":{"true":"string"}}]
animate_entity	animation	"string"
animate_entity	next_state	"string"
animate_entity	stop_condition	"string"
animate_entity	stop_condition_version	"li32"
animate_entity	controller	"string"
animate_entity	blend_out_time	"lf32"
animate_entity	runtime_entity_ids	["array",{"countType":"varint","type":"varint64"}]
anvil_damage	damage	"u8"
anvil_damage	position	"BlockCoordinates"
available_commands	values_len	"varint"
available_commands	enum_values	["array",{"count":"values_len","type":"string"}]
available_commands	chained_subcommand_values	["array",{"countType":"varint","type":"string"}]
available_commands	suffixes	["array",{"countType":"varint","type":"string"}]
available_commands	enums	["array",{"countType":"varint","type":["container",[{"name":"name","type":"string"},{"name":"values","type":["array",{"countType":"varint","type":"lu32"}]}]]}]
available_commands	chained_subcommands	["array",{"countType":"varint","type":["container",[{"name":"name","type":"string"},{"name":"values","type":["array",{"countType":"varint","type":["container",[{"name":"index","type":"varint"},{"name":"value","type":"varint"}]]}]}]]}]
available_commands	command_data	["array",{"countType":"varint","type":["container",[{"name":"name","type":"string"},{"name":"description","type":"string"},{"name":"flags","type":"lu16"},{"name":"permission_level","type":"string"},{"name":"alias","type":"li32"},{"name":"chained_subcommand_offsets","type":["array",{"countType":"varint","type":"lu32"}]},{"name":"overloads","type":["array",{"countType":"varint","type":["container",[{"name":"chaining","type":"bool"},{"name":"parameters","type":["array",{"countType":"varint","type":["container",[{"name":"parameter_name","type":"string"},{"name":"value_type","type":["mapper",{"type":"lu16","mappings":{"1":"int","3":"float","4":"value","5":"wildcard_int","6":"operator","7":"command_operator","8":"target","10":"wildcard_target","17":"file_path","23":"integer_range","43":"equipment_slots","44":"string","52":"block_position","53":"position","55":"message","58":"raw_text","62":"json","71":"block_states","74":"command"}}]},{"name":"enum_type","type":["mapper",{"type":"lu16","mappings":{"16":"valid","48":"enum","256":"suffixed","1040":"soft_enum"}}]},{"name":"optional","type":"bool"},{"name":"options","type":"CommandFlags"}]]}]}]]}]}]]}]
available_commands	dynamic_enums	["array",{"countType":"varint","type":["container",[{"name":"name","type":"string"},{"name":"values","type":["array",{"countType":"varint","type":"string"}]}]]}]
available_commands	enum_constraints	["array",{"countType":"varint","type":["container",[{"name":"value_index","type":"li32"},{"name":"enum_index","type":"li32"},{"name":"constraints","type":["array",{"countType":"varint","type":["container",[{"name":"constraint","type":["mapper",{"type":"u8","mappings":{"0":"cheats_enabled","1":"operator_permissions","2":"host_permissions"}}]}]]}]}]]}]
available_entity_identifiers	nbt	"nbt"
award_achievement	achievement_id	"li32"
biome_definition_list	biome_definitions	["array",{"countType":"varint","type":"BiomeDefinition"}]
biome_definition_list	string_list	["array",{"countType":"varint","type":"string"}]
block_entity_data	position	"BlockCoordinates"
block_entity_data	nbt	"nbt"
block_event	position	"BlockCoordinates"
block_event	type	["mapper",{"type":"zigzag32","mappings":{"0":"sound","1":"change_state"}}]
block_event	data	"zigzag32"
block_pick_request	x	"zigzag32"
block_pick_request	y	"zigzag32"
block_pick_request	z	"zigzag32"
block_pick_request	add_user_data	"bool"
block_pick_request	selected_slot	"u8"
book_edit	inventory_slot	"zigzag32"
book_edit	type	["mapper",{"type":"varint","mappings":{"0":"replace_page","1":"add_page","2":"delete_page","3":"swap_pages","4":"sign"}}]
book_edit		["switch",{"compareTo":"type","fields":{"replace_page":["container",[{"name":"page_number","type":"zigzag32"},{"name":"text","type":"string"},{"name":"photo_name","type":"string"}]],"add_page":["container",[{"name":"page_number","type":"zigzag32"},{"name":"text","type":"string"},{"name":"photo_name","type":"string"}]],"delete_page":["container",[{"name":"page_number","type":"zigzag32"}]],"swap_pages":["container",[{"name":"page1","type":"zigzag32"},{"name":"page2","type":"zigzag32"}]],"sign":["container",[{"name":"title","type":"string"},{"name":"author","type":"string"},{"name":"xuid","type":"string"}]]}}]
boss_event	boss_entity_id	"zigzag64"
boss_event	type	["mapper",{"type":"varint","mappings":{"0":"show_bar","1":"register_player","2":"hide_bar","3":"unregister_player","4":"set_bar_progress","5":"set_bar_title","6":"update_properties","7":"texture","8":"query"}}]
boss_event		["switch",{"compareTo":"type","fields":{"show_bar":["container",[{"name":"title","type":"string"},{"name":"filtered_title","type":"string"},{"name":"progress","type":"lf32"},{"name":"screen_darkening","type":"li16"},{"name":"color","type":"varint"},{"name":"overlay","type":"varint"}]],"register_player":["container",[{"name":"player_id","type":"zigzag64"}]],"unregister_player":["container",[{"name":"player_id","type":"zigzag64"}]],"query":["container",[{"name":"player_id","type":"zigzag64"}]],"set_bar_progress":["container",[{"name":"progress","type":"lf32"}]],"set_bar_title":["container",[{"name":"title","type":"string"},{"name":"filtered_title","type":"string"}]],"update_properties":["container",[{"name":"screen_darkening","type":"li16"},{"name":"color","type":"varint"},{"name":"overlay","type":"varint"}]],"texture":["container",[{"name":"color","type":"varint"},{"name":"overlay","type":"varint"}]]}}]
camera	camera_entity_unique_id	"zigzag64"
camera	target_player_unique_id	"zigzag64"
camera_aim_assist	preset_id	"string"
camera_aim_assist	view_angle	"vec2f"
camera_aim_assist	distance	"lf32"
camera_aim_assist	target_mode	["mapper",{"type":"u8","mappings":{"0":"angle","1":"distance"}}]
camera_aim_assist	action	["mapper",{"type":"u8","mappings":{"0":"set","1":"clear"}}]
camera_aim_assist	show_debug_render	"bool"
camera_aim_assist_actor_priority	priority_data	["array",{"countType":"varint","type":"CameraAimAssistActorPriorityData"}]
camera_aim_assist_presets	categories	["array",{"countType":"varint","type":["container",[{"name":"name","type":"string"},{"name":"entity_priorities","type":["array",{"countType":"varint","type":["container",[{"name":"id","type":"string"},{"name":"priority","type":"li32"}]]}]},{"name":"block_priorities","type":["array",{"countType":"varint","type":["container",[{"name":"id","type":"string"},{"name":"priority","type":"li32"}]]}]},{"name":"block_tags","type":["array",{"countType":"varint","type":"varint"}]},{"name":"entity_type_families","type":["array",{"countType":"varint","type":["container",[{"name":"id","type":"string"},{"name":"priority","type":"li32"}]]}]},{"name":"entity_default","type":["option","li32"]},{"name":"block_default","type":["option","li32"]}]]}]
camera_aim_assist_presets	presets	["array",{"countType":"varint","type":["container",[{"name":"id","type":"string"},{"name":"exclusion_settings","type":["container",[{"name":"blocks","type":["array",{"countType":"varint","type":"string"}]},{"name":"entities","type":["array",{"countType":"varint","type":"string"}]},{"name":"block_tags","type":["array",{"countType":"varint","type":"string"}]},{"name":"entity_type_families","type":["array",{"countType":"varint","type":"string"}]}]]},{"name":"target_liquids","type":["array",{"countType":"varint","type":"string"}]},{"name":"item_settings","type":["array",{"countType":"varint","type":["container",[{"name":"id","type":"string"},{"name":"category","type":"string"}]]}]},{"name":"default_item_settings","type":["option","string"]},{"name":"hand_settings","type":["option","string"]}]]}]
camera_aim_assist_presets	operation	["mapper",{"type":"u8","mappings":{"0":"set","1":"add_to_existing"}}]
camera_instruction	instruction_set	["option",["container",[{"name":"runtime_id","type":"li32"},{"name":"ease_data","type":["option",["container",[{"name":"type","type":"EaseType"},{"name":"duration","type":"lf32"}]]]},{"name":"position","type":["option","vec3f"]},{"name":"rotation","type":["option","vec2f"]},{"name":"facing","type":["option","vec3f"]},{"name":"offset","type":["option","vec2f"]},{"name":"entity_offset","type":["option","vec3f"]},{"name":"default","type":["option","bool"]},{"name":"remove_ignore_starting_values","type":"bool"}]]]
camera_instruction	clear	["option","bool"]
camera_instruction	fade	["option",["container",[{"name":"fade_in_duration","type":"lf32"},{"name":"wait_duration","type":"lf32"},{"name":"fade_out_duration","type":"lf32"},{"name":"color_rgb","type":"vec3f"}]]]
camera_instruction	target	["option",["container",[{"name":"offset","type":["option","vec3f"]},{"name":"entity_unique_id","type":"li64"}]]]
camera_instruction	remove_target	["option","bool"]
camera_instruction	fov	["option",["container",[{"name":"field_of_view","type":"lf32"},{"name":"ease_time","type":"lf32"},{"name":"ease_type","type":"EaseType"},{"name":"clear","type":"bool"}]]]
camera_instruction	spline	["option","CameraSplineInstruction"]
camera_instruction	attach_to_entity	["option","li64"]
camera_instruction	detach_from_entity	["option","bool"]
camera_presets	presets	["array",{"countType":"varint","type":"CameraPresets"}]
camera_shake	intensity	"lf32"
camera_shake	duration	"lf32"
camera_shake	type	"u8"
camera_shake	action	["mapper",{"type":"u8","mappings":{"0":"add","1":"stop"}}]
camera_spline	splines	["array",{"countType":"varint","type":"CameraSplineDefinition"}]
change_dimension	dimension	"zigzag32"
change_dimension	position	"vec3f"
change_dimension	respawn	"bool"
change_dimension	loading_screen_id	["option","lu32"]
change_mob_property	entity_unique_id	"zigzag64"
change_mob_property	property	"string"
change_mob_property	bool_value	"bool"
change_mob_property	string_value	"string"
change_mob_property	int_value	"zigzag32"
change_mob_property	float_value	"lf32"
chunk_radius_update	chunk_radius	"zigzag32"
client_cache_blob_status	misses	"varint"
client_cache_blob_status	haves	"varint"
client_cache_blob_status	missing	["array",{"count":"misses","type":"lu64"}]
client_cache_blob_status	have	["array",{"count":"haves","type":"lu64"}]
client_cache_miss_response	blobs	["array",{"countType":"varint","type":"Blob"}]
client_cache_status	enabled	"bool"
client_camera_aim_assist	preset_id	"string"
client_camera_aim_assist	action	["mapper",{"type":"u8","mappings":{"0":"set_from_camera_preset","1":"clear"}}]
client_camera_aim_assist	allow_aim_assist	"bool"
client_cheat_ability	entity_unique_id	"li64"
client_cheat_ability	permission_level	"PermissionLevel"
client_cheat_ability	command_permission	"CommandPermissionLevel"
client_cheat_ability	abilities	["array",{"countType":"u8","type":"AbilityLayers"}]
client_movement_prediction_sync	data_flags	"varint128"
client_movement_prediction_sync	bounding_box	["container",[{"name":"scale","type":"lf32"},{"name":"width","type":"lf32"},{"name":"height","type":"lf32"}]]
client_movement_prediction_sync	movement_speed	"lf32"
client_movement_prediction_sync	underwater_movement_speed	"lf32"
client_movement_prediction_sync	lava_movement_speed	"lf32"
client_movement_prediction_sync	jump_strength	"lf32"
client_movement_prediction_sync	health	"lf32"
client_movement_prediction_sync	hunger	"lf32"
client_movement_prediction_sync	entity_runtime_id	"varint64"
client_movement_prediction_sync	is_flying	"bool"
client_start_item_cooldown	category	"string"
client_start_item_cooldown	duration	"zigzag32"
clientbound_attribute_layer_sync	payload_type	["mapper",{"type":"varint","mappings":{"0":"update_layers","1":"update_settings","2":"update_environment","3":"remove_environment"}}]
clientbound_attribute_layer_sync		["switch",{"compareTo":"payload_type","fields":{"update_layers":["container",[{"name":"layers","type":["array",{"countType":"varint","type":"AttributeLayerData"}]}]],"update_settings":["container",[{"name":"layer_name","type":"string"},{"name":"dimension_id","type":"zigzag32"},{"name":"settings","type":"AttributeLayerSettings"}]],"update_environment":["container",[{"name":"layer_name","type":"string"},{"name":"dimension_id","type":"zigzag32"},{"name":"environment_attributes","type":["array",{"countType":"varint","type":"EnvironmentAttributeData"}]}]],"remove_environment":["container",[{"name":"layer_name","type":"string"},{"name":"dimension_id","type":"zigzag32"},{"name":"remove_attribute_names","type":["array",{"countType":"varint","type":"string"}]}]]}}]
clientbound_controls_scheme	scheme	["mapper",{"type":"u8","mappings":{"0":"locked_player_relative_strafe","1":"camera_relative","2":"camera_relative_strafe","3":"player_relative","4":"player_relative_strafe"}}]
clientbound_data_driven_ui_close_screen	form_id	["option","lu32"]
clientbound_data_driven_ui_show_screen	screen_id	"string"
clientbound_data_driven_ui_show_screen	form_id	"lu32"
clientbound_data_driven_ui_show_screen	data_instance_id	["option","lu32"]
clientbound_data_store	updates	["array",{"countType":"varint","type":"DataStoreChangeEntry"}]
clientbound_map_item_data	map_id	"zigzag64"
clientbound_map_item_data	update_flags	"UpdateMapFlags"
clientbound_map_item_data	dimension	"u8"
clientbound_map_item_data	locked	"bool"
clientbound_map_item_data	origin	"vec3i"
clientbound_map_item_data	included_in	["switch",{"compareTo":"update_flags.initialisation","fields":{"true":["array",{"countType":"varint","type":"zigzag64"}]}}]
clientbound_map_item_data	scale	["switch",{"compareTo":"update_flags.initialisation || update_flags.decoration || update_flags.texture","fields":{"true":"u8"}}]
clientbound_map_item_data	tracked	["switch",{"compareTo":"update_flags.decoration","fields":{"true":["container",[{"name":"objects","type":["array",{"countType":"varint","type":"TrackedObject"}]},{"name":"decorations","type":["array",{"countType":"varint","type":"MapDecoration"}]}]]}}]
clientbound_map_item_data	texture	["switch",{"compareTo":"update_flags.texture","fields":{"true":["container",[{"name":"width","type":"zigzag32"},{"name":"height","type":"zigzag32"},{"name":"x_offset","type":"zigzag32"},{"name":"y_offset","type":"zigzag32"},{"name":"pixels","type":["array",{"countType":"varint","type":"varint"}]}]]}}]
clientbound_texture_shift	action	["mapper",{"type":"u8","mappings":{"0":"invalid","1":"initialize","2":"start","3":"set_enabled","4":"sync"}}]
clientbound_texture_shift	collection_name	"string"
clientbound_texture_shift	from_step	"string"
clientbound_texture_shift	to_step	"string"
clientbound_texture_shift	all_steps	["array",{"countType":"varint","type":"string"}]
clientbound_texture_shift	current_length_ticks	"varint64"
clientbound_texture_shift	total_length_ticks	"varint64"
clientbound_texture_shift	enabled	"bool"
code_builder	url	"string"
code_builder	should_open_code_builder	"bool"
code_builder_source	operation	["mapper",{"type":"u8","mappings":{"0":"none","1":"get","2":"set","3":"reset"}}]
code_builder_source	category	["mapper",{"type":"u8","mappings":{"0":"none","1":"code_status","2":"instantiation"}}]
code_builder_source	code_status	["mapper",{"type":"u8","mappings":{"0":"none","1":"not_started","2":"in_progress","3":"paused","4":"error","5":"succeeded"}}]
command_block_update	is_block	"bool"
command_block_update		["switch",{"compareTo":"is_block","fields":{"true":["container",[{"name":"position","type":"BlockCoordinates"},{"name":"mode","type":["mapper",{"type":"varint","mappings":{"0":"impulse","1":"repeat","2":"chain"}}]},{"name":"needs_redstone","type":"bool"},{"name":"conditional","type":"bool"}]],"false":["container",[{"name":"minecart_entity_runtime_id","type":"varint64"}]]}}]
command_block_update	command	"string"
command_block_update	last_output	"string"
command_block_update	name	"string"
command_block_update	filtered_name	"string"
command_block_update	should_track_output	"bool"
command_block_update	tick_delay	"li32"
command_block_update	execute_on_first_tick	"bool"
command_output	origin	"CommandOrigin"
command_output	output_type	"string"
command_output	success_count	"lu32"
command_output	output	["array",{"countType":"varint","type":["container",[{"name":"message_id","type":"string"},{"name":"success","type":"bool"},{"name":"parameters","type":["array",{"countType":"varint","type":"string"}]}]]}]
command_output	has_data	"bool"
command_output	data	["switch",{"compareTo":"has_data","fields":{"true":"string"}}]
command_request	command	"string"
command_request	origin	"CommandOrigin"
command_request	internal	"bool"
command_request	version	"string"
completed_using_item	used_item_id	"li16"
completed_using_item	use_method	["mapper",{"type":"li32","mappings":{"0":"equip_armor","1":"eat","2":"attack","3":"consume","4":"throw","5":"shoot","6":"place","7":"fill_bottle","8":"fill_bucket","9":"pour_bucket","10":"use_tool","11":"interact","12":"retrieved","13":"dyed","14":"traded","15":"brushing_completed","16":"opened_vault"}}]
compressed_biome_definitions	raw_payload	"ByteArray"
container_close	window_id	"WindowID"
container_close	window_type	"WindowType"
container_close	server	"bool"
container_open	window_id	"WindowID"
container_open	window_type	"WindowType"
container_open	coordinates	"BlockCoordinates"
container_open	runtime_entity_id	"zigzag64"
container_registry_cleanup	removed_containers	["array",{"countType":"varint","type":"FullContainerName"}]
container_set_data	window_id	"WindowID"
container_set_data	property	"zigzag32"
container_set_data	value	"zigzag32"
correct_player_move_prediction	prediction_type	["mapper",{"type":"u8","mappings":{"0":"player","1":"vehicle"}}]
correct_player_move_prediction	position	"vec3f"
correct_player_move_prediction	delta	"vec3f"
correct_player_move_prediction	rotation	"vec2f"
correct_player_move_prediction	angular_velocity	["option","lf32"]
correct_player_move_prediction	on_ground	"bool"
correct_player_move_prediction	tick	"varint64"
crafting_data	recipes	"Recipes"
crafting_data	potion_type_recipes	"PotionTypeRecipes"
crafting_data	potion_container_recipes	"PotionContainerChangeRecipes"
crafting_data	material_reducers	["array",{"countType":"varint","type":"MaterialReducer"}]
crafting_data	clear_recipes	"bool"
crafting_event	window_id	"WindowID"
crafting_event	recipe_type	["mapper",{"type":"zigzag32","mappings":{"0":"inventory","1":"crafting","2":"workbench"}}]
crafting_event	recipe_id	"uuid"
crafting_event	input	["array",{"countType":"varint","type":"Item"}]
crafting_event	result	["array",{"countType":"varint","type":"Item"}]
create_photo	entity_unique_id	"li64"
create_photo	photo_name	"string"
create_photo	item_name	"string"
creative_content	groups	["array",{"countType":"varint","type":["container",[{"name":"category","type":["mapper",{"type":"li32","mappings":{"0":"all","1":"construction","2":"nature","3":"equipment","4":"items","5":"item_command_only"}}]},{"name":"name","type":"string"},{"name":"icon_item","type":"ItemLegacy"}]]}]
creative_content	items	["array",{"countType":"varint","type":["container",[{"name":"entry_id","type":"varint"},{"name":"item","type":"ItemLegacy"},{"name":"group_index","type":"varint"}]]}]
current_structure_feature	current_feature	"string"
death_info	cause	"string"
death_info	messages	["array",{"countType":"varint","type":"string"}]
debug_info	player_unique_id	"zigzag64"
debug_info	data	"ByteArray"
debug_renderer	type	"string"
debug_renderer	has_data	"bool"
debug_renderer	data	["switch",{"compareTo":"has_data","fields":{"true":"DebugMarkerData"}}]
dimension_data	definitions	["array",{"countType":"varint","type":["container",[{"name":"id","type":"string"},{"name":"max_height","type":"zigzag32"},{"name":"min_height","type":"zigzag32"},{"name":"generator","type":["mapper",{"type":"zigzag32","mappings":{"0":"legacy","1":"overworld","2":"flat","3":"nether","4":"end","5":"void"}}]}]]}]
disconnect	reason	"DisconnectFailReason"
disconnect	hide_disconnect_reason	"bool"
disconnect		["switch",{"compareTo":"hide_disconnect_reason","fields":{"true":"void"},"default":["container",[{"name":"message","type":"string"},{"name":"filtered_message","type":"string"}]]}]
editor_network	route_to_manager	"bool"
editor_network	payload	"nbt"
edu_uri_resource_packet	resource	"EducationSharedResourceURI"
education_settings	CodeBuilderDefaultURI	"string"
education_settings	CodeBuilderTitle	"string"
education_settings	CanResizeCodeBuilder	"bool"
education_settings	disable_legacy_title_bar	"bool"
education_settings	post_process_filter	"string"
education_settings	screenshot_border_path	"string"
education_settings	has_agent_capabilities	"bool"
education_settings	agent_capabilities	["switch",{"compareTo":"has_agent_capabilities","fields":{"true":["container",[{"name":"has","type":"bool"},{"name":"can_modify_blocks","type":"bool"}]]}}]
education_settings	HasOverrideURI	"bool"
education_settings	OverrideURI	["switch",{"compareTo":"HasOverrideURI","fields":{"true":"string"}}]
education_settings	HasQuiz	"bool"
education_settings	has_external_link_settings	"bool"
education_settings	external_link_settings	["switch",{"compareTo":"has_external_link_settings","fields":{"true":["container",[{"name":"has","type":"bool"},{"name":"url","type":"string"},{"name":"display_name","type":"string"}]]}}]
emote	entity_id	"varint64"
emote	emote_id	"string"
emote	emote_length_ticks	"varint"
emote	xuid	"string"
emote	platform_id	"string"
emote	flags	["mapper",{"type":"u8","mappings":{"1":"server_side","2":"mute_chat"}}]
emote_list	player_id	"varint64"
emote_list	emote_pieces	["array",{"countType":"varint","type":"uuid"}]
entity_event	runtime_entity_id	"varint64"
entity_event	event_id	["mapper",{"type":"u8","mappings":{"1":"jump","2":"hurt_animation","3":"death_animation","4":"arm_swing","5":"stop_attack","6":"tame_fail","7":"tame_success","8":"shake_wet","9":"use_item","10":"eat_grass_animation","11":"fish_hook_bubble","12":"fish_hook_position","13":"fish_hook_hook","14":"fish_hook_tease","15":"squid_ink_cloud","16":"zombie_villager_cure","18":"respawn","19":"iron_golem_offer_flower","20":"iron_golem_withdraw_flower","21":"love_particles","22":"villager_angry","23":"villager_happy","24":"witch_spell_particles","25":"firework_particles","26":"in_love_particles","27":"silverfish_spawn_animation","28":"guardian_attack","29":"witch_drink_potion","30":"witch_throw_potion","31":"minecart_tnt_prime_fuse","32":"creeper_prime_fuse","33":"air_supply_expired","34":"player_add_xp_levels","35":"elder_guardian_curse","36":"agent_arm_swing","37":"ender_dragon_death","38":"dust_particles","39":"arrow_shake","57":"eating_item","60":"baby_animal_feed","61":"death_smoke_cloud","62":"complete_trade","63":"remove_leash","64":"caravan","65":"consume_totem","66":"player_check_treasure_hunter_achievement","67":"entity_spawn","68":"dragon_puke","69":"item_entity_merge","70":"start_swim","71":"balloon_pop","72":"treasure_hunt","73":"agent_summon","74":"charged_item","75":"fall","76":"grow_up","77":"vibration_detected","78":"drink_milk","79":"wetness_stop"}}]
entity_event	data	"zigzag32"
entity_pick_request	runtime_entity_id	"lu64"
entity_pick_request	selected_slot	"u8"
entity_pick_request	with_data	"bool"
event	runtime_id	"varint64"
event	event_type	["mapper",{"type":"zigzag32","mappings":{"0":"achievement_awarded","1":"entity_interact","2":"portal_built","3":"portal_used","4":"mob_killed","5":"cauldron_used","6":"player_death","7":"boss_killed","8":"agent_command","9":"agent_created","10":"banner_pattern_removed","11":"command_executed","12":"fish_bucketed","13":"mob_born","14":"pet_died","15":"cauldron_block_used","16":"composter_block_used","17":"bell_block_used","18":"actor_definition","19":"raid_update","20":"player_movement_anomaly","21":"player_movement_corrected","22":"honey_harvested","23":"target_block_hit","24":"piglin_barter","25":"waxed_or_unwaxed_copper","26":"code_builder_runtime_action","27":"code_builder_scoreboard","28":"strider_ridden_in_lava_in_overworld","29":"sneak_close_to_sculk_sensor","30":"careful_restoration","31":"item_used"}}]
event	use_player_id	"u8"
event	event_data	"restBuffer"
feature_registry	features	["array",{"countType":"varint","type":["container",[{"name":"name","type":"string"},{"name":"options","type":"string"}]]}]
filter_text_packet	text	"string"
filter_text_packet	from_server	"bool"
game_rules_changed	rules	["array",{"countType":"varint","type":"GameRuleI32"}]
game_test_request	max_tests_per_batch	"varint"
game_test_request	repetitions	"varint"
game_test_request	rotation	["mapper",{"type":"u8","mappings":{"0":"0deg","1":"90deg","2":"180deg","3":"270deg","4":"360deg"}}]
game_test_request	stop_on_error	"bool"
game_test_request	position	"BlockCoordinates"
game_test_request	tests_per_row	"varint"
game_test_request	name	"string"
game_test_results	succeeded	"bool"
game_test_results	error	"string"
game_test_results	name	"string"
graphics_override_parameter	values	["array",{"countType":"varint","type":"ParameterKeyframeValue"}]
graphics_override_parameter	float_value	["option","lf32"]
graphics_override_parameter	vec3_value	["option","vec3f"]
graphics_override_parameter	biome_identifier	"string"
graphics_override_parameter	parameter_type	"GraphicsOverrideParameterType"
graphics_override_parameter	reset	"bool"
gui_data_pick_item	item_name	"string"
gui_data_pick_item	item_effects	"string"
gui_data_pick_item	hotbar_slot	"li32"
hurt_armor	cause	"zigzag32"
hurt_armor	damage	"zigzag32"
hurt_armor	armor_slots	"zigzag64"
initiate_web_socket_connection	server	"string"
interact	action_id	["mapper",{"type":"u8","mappings":{"3":"leave_vehicle","4":"mouse_over_entity","5":"npc_open","6":"open_inventory"}}]
interact	target_entity_id	"varint64"
interact	has_position	"bool"
interact	position	["switch",{"compareTo":"has_position","fields":{"true":"vec3f"}}]
inventory_content	window_id	"WindowIDVarint"
inventory_content	input	"ItemStacks"
inventory_content	container	"FullContainerName"
inventory_content	storage_item	"Item"
inventory_slot	window_id	"WindowIDVarint"
inventory_slot	slot	"varint"
inventory_slot	container	"FullContainerName"
inventory_slot	storage_item	"Item"
inventory_slot	item	"Item"
inventory_transaction	transaction	"Transaction"
item_registry	itemstates	"Itemstates"
item_stack_request	requests	["array",{"countType":"varint","type":"ItemStackRequest"}]
item_stack_response	responses	"ItemStackResponses"
jigsaw_structure_data	structure_data	"nbt"
lab_table	action_type	["mapper",{"type":"u8","mappings":{"0":"combine","1":"react","2":"reset"}}]
lab_table	position	"vec3i"
lab_table	reaction_type	"u8"
lectern_update	page	"u8"
lectern_update	page_count	"u8"
lectern_update	position	"vec3i"
lesson_progress	action	"u8"
lesson_progress	score	"zigzag32"
lesson_progress	identifier	"string"
level_chunk	x	"zigzag32"
level_chunk	z	"zigzag32"
level_chunk	dimension	"zigzag32"
level_chunk	sub_chunk_count	"varint"
level_chunk	highest_subchunk_count	["switch",{"compareTo":"sub_chunk_count","fields":{"-2":"lu16"}}]
level_chunk	cache_enabled	"bool"
level_chunk	blobs	["switch",{"compareTo":"cache_enabled","fields":{"true":["container",[{"name":"hashes","type":["array",{"countType":"varint","type":"lu64"}]}]]}}]
level_chunk	payload	"ByteArray"
level_event	event	["mapper",{"type":"zigzag32","mappings":{"1000":"sound_click","1001":"sound_click_fail","1002":"sound_shoot","1003":"sound_door","1004":"sound_fizz","1005":"sound_ignite","1007":"sound_ghast","1008":"sound_ghast_shoot","1009":"sound_blaze_shoot","1010":"sound_door_bump","1012":"sound_door_crash","1018":"sound_enderman_teleport","1020":"sound_anvil_break","1021":"sound_anvil_use","1022":"sound_anvil_fall","1030":"sound_pop","1032":"sound_portal","1040":"sound_itemframe_add_item","1041":"sound_itemframe_remove","1042":"sound_itemframe_place","1043":"sound_itemframe_remove_item","1044":"sound_itemframe_rotate_item","1050":"sound_camera","1051":"sound_orb","1052":"sound_totem","1060":"sound_armor_stand_break","1061":"sound_armor_stand_hit","1062":"sound_armor_stand_fall","1063":"sound_armor_stand_place","1064":"pointed_dripstone_land","1065":"dye_used","1066":"ink_sack_used","2000":"particle_shoot","2001":"particle_destroy","2002":"particle_splash","2003":"particle_eye_despawn","2004":"particle_spawn","2005":"particle_crop_growth","2006":"particle_guardian_curse","2007":"particle_death_smoke","2008":"particle_block_force_field","2009":"particle_projectile_hit","2010":"particle_dragon_egg_teleport","2011":"particle_crop_eaten","2012":"particle_critical","2013":"particle_enderman_teleport","2014":"particle_punch_block","2015":"particle_bubble","2016":"particle_evaporate","2017":"particle_destroy_armor_stand","2018":"particle_breaking_egg","2019":"particle_destroy_egg","2020":"particle_evaporate_water","2021":"particle_destroy_block_no_sound","2022":"particle_knockback_roar","2023":"particle_teleport_trail","2024":"particle_point_cloud","2025":"particle_explosion","2026":"particle_block_explosion","2027":"particle_vibration_signal","2028":"particle_dripstone_drip","2029":"particle_fizz_effect","2030":"particle_wax_on","2031":"particle_wax_off","2032":"particle_scrape","2033":"particle_electric_spark","2034":"particle_turtle_egg","2035":"particle_sculk_shriek","2036":"sculk_catalyst_bloom","2037":"sculk_charge","2038":"sculk_charge_pop","2039":"sonic_explosion","2040":"dust_plume","3001":"start_rain","3002":"start_thunder","3003":"stop_rain","3004":"stop_thunder","3005":"pause_game","3006":"pause_game_no_screen","3007":"set_game_speed","3500":"redstone_trigger","3501":"cauldron_explode","3502":"cauldron_dye_armor","3503":"cauldron_clean_armor","3504":"cauldron_fill_potion","3505":"cauldron_take_potion","3506":"cauldron_fill_water","3507":"cauldron_take_water","3508":"cauldron_add_dye","3509":"cauldron_clean_banner","3600":"block_start_break","3601":"block_stop_break","3602":"block_break_speed","3603":"particle_punch_block_down","3604":"particle_punch_block_up","3605":"particle_punch_block_north","3606":"particle_punch_block_south","3607":"particle_punch_block_west","3608":"particle_punch_block_east","3609":"particle_shoot_white_smoke","3610":"particle_breeze_wind_explosion","3611":"particle_trial_spawner_detection","3612":"particle_trial_spawner_spawning","3613":"particle_trial_spawner_ejecting","3614":"particle_wind_explosion","3615":"particle_wolf_armor_break","3616":"ominous_item_spawner","3617":"creaking_crumble","3618":"pale_oak_leaves","3619":"eyeblossom_open","3620":"eyeblossom_close","3621":"green_flame","4000":"set_data","9800":"players_sleeping","9801":"sleeping_players","9810":"jump_prevented","9811":"animation_vault_activate","9812":"animation_vault_deactivate","9813":"animation_vault_eject_item","9814":"animation_spawn_cobweb","9815":"add_particle_smash_attack_ground_dust","9816":"add_particle_creaking_heart_trail","16384":"add_particle_mask","16385":"add_particle_bubble","16386":"add_particle_bubble_manual","16387":"add_particle_critical","16388":"add_particle_block_force_field","16389":"add_particle_smoke","16390":"add_particle_explode","16391":"add_particle_evaporation","16392":"add_particle_flame","16393":"add_particle_candle_flame","16394":"add_particle_lava","16395":"add_particle_large_smoke","16396":"add_particle_redstone","16397":"add_particle_rising_red_dust","16398":"add_particle_item_break","16399":"add_particle_snowball_poof","16400":"add_particle_huge_explode","16401":"add_particle_huge_explode_seed","16402":"add_particle_mob_flame","16403":"add_particle_heart","16404":"add_particle_terrain","16405":"add_particle_town_aura","16406":"add_particle_portal","16408":"add_particle_water_splash","16409":"add_particle_water_splash_manual","16410":"add_particle_water_wake","16411":"add_particle_drip_water","16412":"add_particle_drip_lava","16413":"add_particle_drip_honey","16414":"add_particle_stalactite_drip_water","16415":"add_particle_stalactite_drip_lava","16416":"add_particle_falling_dust","16417":"add_particle_mob_spell","16418":"add_particle_mob_spell_ambient","16419":"add_particle_mob_spell_instantaneous","16420":"add_particle_ink","16421":"add_particle_slime","16422":"add_particle_rain_splash","16423":"add_particle_villager_angry","16424":"add_particle_villager_happy","16425":"add_particle_enchantment_table","16426":"add_particle_tracking_emitter","16427":"add_particle_note","16428":"add_particle_witch_spell","16429":"add_particle_carrot","16430":"add_particle_mob_appearance","16431":"add_particle_end_rod","16432":"add_particle_dragons_breath","16433":"add_particle_spit","16434":"add_particle_totem","16435":"add_particle_food","16436":"add_particle_fireworks_starter","16437":"add_particle_fireworks_spark","16438":"add_particle_fireworks_overlay","16439":"add_particle_balloon_gas","16440":"add_particle_colored_flame","16441":"add_particle_sparkler","16442":"add_particle_conduit","16443":"add_particle_bubble_column_up","16444":"add_particle_bubble_column_down","16445":"add_particle_sneeze","16446":"add_particle_shulker_bullet","16447":"add_particle_bleach","16448":"add_particle_dragon_destroy_block","16449":"add_particle_mycelium_dust","16450":"add_particle_falling_red_dust","16451":"add_particle_campfire_smoke","16452":"add_particle_tall_campfire_smoke","16453":"add_particle_dragon_breath_fire","16454":"add_particle_dragon_breath_trail","16455":"add_particle_blue_flame","16456":"add_particle_soul","16457":"add_particle_obsidian_tear","16458":"add_particle_portal_reverse","16459":"add_particle_snowflake","16460":"add_particle_vibration_signal","16461":"add_particle_sculk_sensor_redstone","16462":"add_particle_spore_blossom_shower","16463":"add_particle_spore_blossom_ambient","16464":"add_particle_wax","16465":"add_particle_electric_spark"}}]
level_event	position	"vec3f"
level_event	data	"zigzag32"
level_event_generic	event_id	"varint"
level_event_generic	nbt	"nbtLoop"
level_sound_event	sound_id	"SoundType"
level_sound_event	position	"vec3f"
level_sound_event	extra_data	"zigzag32"
level_sound_event	entity_type	"string"
level_sound_event	is_baby_mob	"bool"
level_sound_event	is_global	"bool"
level_sound_event	entity_unique_id	"li64"
level_sound_event_old	sound_id	"u8"
level_sound_event_old	position	"vec3f"
level_sound_event_old	block_id	"zigzag32"
level_sound_event_old	entity_type	"zigzag32"
level_sound_event_old	is_baby_mob	"bool"
level_sound_event_old	is_global	"bool"
level_sound_event_v2	sound_id	"u8"
level_sound_event_v2	position	"vec3f"
level_sound_event_v2	block_id	"zigzag32"
level_sound_event_v2	entity_type	"string"
level_sound_event_v2	is_baby_mob	"bool"
level_sound_event_v2	is_global	"bool"
locator_bar	waypoints	["array",{"countType":"varint","type":"LocatorBarWaypoint"}]
login	protocol_version	"i32"
login	tokens	["encapsulated",{"lengthType":"varint","type":"LoginTokens"}]
map_create_locked_copy	original_map_id	"zigzag64"
map_create_locked_copy	new_map_id	"zigzag64"
map_info_request	map_id	"zigzag64"
map_info_request	client_pixels	["array",{"countType":"lu32","type":["container",[{"name":"rgba","type":"li32"},{"name":"index","type":"lu16"}]]}]
mob_armor_equipment	runtime_entity_id	"varint64"
mob_armor_equipment	helmet	"Item"
mob_armor_equipment	chestplate	"Item"
mob_armor_equipment	leggings	"Item"
mob_armor_equipment	boots	"Item"
mob_armor_equipment	body	"Item"
mob_effect	runtime_entity_id	"varint64"
mob_effect	event_id	["mapper",{"type":"u8","mappings":{"1":"add","2":"update","3":"remove"}}]
mob_effect	effect_id	"zigzag32"
mob_effect	amplifier	"zigzag32"
mob_effect	particles	"bool"
mob_effect	duration	"zigzag32"
mob_effect	tick	"varint64"
mob_effect	ambient	"bool"
mob_equipment	runtime_entity_id	"varint64"
mob_equipment	item	"Item"
mob_equipment	slot	"u8"
mob_equipment	selected_slot	"u8"
mob_equipment	window_id	"WindowID"
modal_form_request	form_id	"varint"
modal_form_request	data	"string"
modal_form_response	form_id	"varint"
modal_form_response	has_response_data	"bool"
modal_form_response	data	["switch",{"compareTo":"has_response_data","fields":{"true":"string"}}]
modal_form_response	has_cancel_reason	"bool"
modal_form_response		["switch",{"compareTo":"has_cancel_reason","fields":{"true":["container",[{"name":"cancel_reason","type":["mapper",{"type":"u8","mappings":{"0":"closed","1":"busy"}}]}]]}}]
motion_prediction_hints	entity_runtime_id	"varint64"
motion_prediction_hints	velocity	"vec3f"
motion_prediction_hints	on_ground	"bool"
move_entity	runtime_entity_id	"varint64"
move_entity	flags	"u8"
move_entity	position	"vec3f"
move_entity	rotation	"Rotation"
move_entity_delta	runtime_entity_id	"varint64"
move_entity_delta	flags	"DeltaMoveFlags"
move_entity_delta	x	["switch",{"compareTo":"flags.has_x","fields":{"true":"lf32"}}]
move_entity_delta	y	["switch",{"compareTo":"flags.has_y","fields":{"true":"lf32"}}]
move_entity_delta	z	["switch",{"compareTo":"flags.has_z","fields":{"true":"lf32"}}]
move_entity_delta	rot_x	["switch",{"compareTo":"flags.has_rot_x","fields":{"true":"u8"}}]
move_entity_delta	rot_y	["switch",{"compareTo":"flags.has_rot_y","fields":{"true":"u8"}}]
move_entity_delta	rot_z	["switch",{"compareTo":"flags.has_rot_z","fields":{"true":"u8"}}]
move_player	runtime_id	"varint64"
move_player	position	"vec3f"
move_player	pitch	"lf32"
move_player	yaw	"lf32"
move_player	head_yaw	"lf32"
move_player	mode	"u8"
move_player	on_ground	"bool"
move_player	ridden_runtime_id	"varint64"
move_player	teleport	["switch",{"compareTo":"mode","fields":{"2":"move_player_teleport"},"default":"void"}]
move_player	tick	"varint64"
movement_effect	runtime_id	"varint64"
movement_effect	effect_type	"MovementEffectType"
movement_effect	effect_duration	"varint"
movement_effect	tick	"varint64"
multiplayer_settings	action_type	["mapper",{"type":"zigzag32","mappings":{"0":"enable_multiplayer","1":"disable_multiplayer","2":"refresh_join_code"}}]
network_chunk_publisher_update	coordinates	"BlockCoordinates"
network_chunk_publisher_update	radius	"varint"
network_chunk_publisher_update	saved_chunks	["array",{"countType":"lu32","type":["container",[{"name":"x","type":"zigzag32"},{"name":"z","type":"zigzag32"}]]}]
network_settings	compression_threshold	"lu16"
network_settings	compression_algorithm	["mapper",{"type":"lu16","mappings":{"0":"deflate","1":"snappy"}}]
network_settings	client_throttle	"bool"
network_settings	client_throttle_threshold	"u8"
network_settings	client_throttle_scalar	"lf32"
network_stack_latency	timestamp	"lu64"
network_stack_latency	needs_response	"u8"
npc_dialogue	entity_id	"lu64"
npc_dialogue	action_type	["mapper",{"type":"varint","mappings":{"0":"open","1":"close"}}]
npc_dialogue	dialogue	"string"
npc_dialogue	screen_name	"string"
npc_dialogue	npc_name	"string"
npc_dialogue	action_json	"string"
npc_request	runtime_entity_id	"varint64"
npc_request	request_type	["mapper",{"type":"u8","mappings":{"0":"set_actions","1":"execute_action","2":"execute_closing_commands","3":"set_name","4":"set_skin","5":"set_interaction_text","6":"execute_opening_commands"}}]
npc_request	command	"string"
npc_request	action_type	["mapper",{"type":"u8","mappings":{"0":"set_actions","1":"execute_action","2":"execute_closing_commands","3":"set_name","4":"set_skin","5":"set_interact_text","6":"execute_opening_commands"}}]
npc_request	scene_name	"string"
on_screen_texture_animation	animation_type	"lu32"
open_sign	position	"BlockCoordinates"
open_sign	is_front	"bool"
packet_violation_warning	violation_type	["mapper",{"type":"zigzag32","mappings":{"0":"malformed"}}]
packet_violation_warning	severity	["mapper",{"type":"zigzag32","mappings":{"0":"warning","1":"final_warning","2":"terminating"}}]
packet_violation_warning	packet_id	"zigzag32"
packet_violation_warning	reason	"string"
party_changed	party_id	"string"
photo_info_request	photo_id	"zigzag64"
photo_transfer	image_name	"string"
photo_transfer	image_data	"string"
photo_transfer	book_id	"string"
photo_transfer	photo_type	"u8"
photo_transfer	source_type	"u8"
photo_transfer	owner_entity_unique_id	"li64"
photo_transfer	new_photo_name	"string"
play_sound	name	"string"
play_sound	coordinates	"BlockCoordinates"
play_sound	volume	"lf32"
play_sound	pitch	"lf32"
play_status	status	["mapper",{"type":"i32","mappings":{"0":"login_success","1":"failed_client","2":"failed_spawn","3":"player_spawn","4":"failed_invalid_tenant","5":"failed_vanilla_edu","6":"failed_edu_vanilla","7":"failed_server_full","8":"failed_editor_vanilla_mismatch","9":"failed_vanilla_editor_mismatch"}}]
player_action	runtime_entity_id	"varint64"
player_action	action	"Action"
player_action	position	"BlockCoordinates"
player_action	result_position	"BlockCoordinates"
player_action	face	"zigzag32"
player_armor_damage	entries	["array",{"countType":"varint","type":"ArmorDamageEntry"}]
player_auth_input	pitch	"lf32"
player_auth_input	yaw	"lf32"
player_auth_input	position	"vec3f"
player_auth_input	move_vector	"vec2f"
player_auth_input	head_yaw	"lf32"
player_auth_input	input_data	"InputFlag"
player_auth_input	input_mode	["mapper",{"type":"varint","mappings":{"0":"unknown","1":"mouse","2":"touch","3":"game_pad","4":"motion_controller"}}]
player_auth_input	play_mode	["mapper",{"type":"varint","mappings":{"0":"normal","1":"teaser","2":"screen","3":"viewer","4":"reality","5":"placement","6":"living_room","7":"exit_level","8":"exit_level_living_room","9":"num_modes"}}]
player_auth_input	interaction_model	["mapper",{"type":"zigzag32","mappings":{"0":"touch","1":"crosshair","2":"classic"}}]
player_auth_input	interact_rotation	"vec2f"
player_auth_input	tick	"varint64"
player_auth_input	delta	"vec3f"
player_auth_input	transaction	["switch",{"compareTo":"input_data.item_interact","fields":{"true":["container",[{"name":"legacy","type":"TransactionLegacy"},{"name":"actions","type":"TransactionActions"},{"name":"data","type":"TransactionUseItem"}]]}}]
player_auth_input	item_stack_request	["switch",{"compareTo":"input_data.item_stack_request","fields":{"true":"ItemStackRequest"}}]
player_auth_input		["switch",{"compareTo":"input_data.client_predicted_vehicle","fields":{"true":["container",[{"name":"vehicle_rotation","type":"vec2f"},{"name":"predicted_vehicle","type":"zigzag64"}]]}}]
player_auth_input	block_action	["switch",{"compareTo":"input_data.block_action","fields":{"true":["array",{"countType":"zigzag32","type":["container",[{"name":"action","type":"Action"},{"anon":true,"type":["switch",{"compareTo":"action","fields":{"start_break":["container",[{"name":"position","type":"vec3i"},{"name":"face","type":"zigzag32"}]],"abort_break":["container",[{"name":"position","type":"vec3i"},{"name":"face","type":"zigzag32"}]],"crack_break":["container",[{"name":"position","type":"vec3i"},{"name":"face","type":"zigzag32"}]],"predict_break":["container",[{"name":"position","type":"vec3i"},{"name":"face","type":"zigzag32"}]],"continue_break":["container",[{"name":"position","type":"vec3i"},{"name":"face","type":"zigzag32"}]]}}]}]]}]}}]
player_auth_input	analogue_move_vector	"vec2f"
player_auth_input	camera_orientation	"vec3f"
player_auth_input	raw_move_vector	"vec2f"
player_enchant_options	options	["array",{"countType":"varint","type":"EnchantOption"}]
player_fog	stack	["array",{"countType":"varint","type":"string"}]
player_hotbar	selected_slot	"varint"
player_hotbar	window_id	"WindowID"
player_hotbar	select_slot	"bool"
player_input	motion_x	"lf32"
player_input	motion_z	"lf32"
player_input	jumping	"bool"
player_input	sneaking	"bool"
player_list	records	"PlayerRecords"
player_location	type	["mapper",{"type":"li32","mappings":{"0":"coordinates","1":"type_hide"}}]
player_location	entity_unique_id	"zigzag64"
player_location	position	["switch",{"compareTo":"type","fields":{"coordinates":"vec3f"}}]
player_skin	uuid	"uuid"
player_skin	skin	"Skin"
player_skin	skin_name	"string"
player_skin	old_skin_name	"string"
player_skin	is_verified	"bool"
player_update_entity_overrides	runtime_id	"varint64"
player_update_entity_overrides	property_index	"varint"
player_update_entity_overrides	type	["mapper",{"type":"u8","mappings":{"0":"clear_all","1":"remove","2":"set_int","3":"set_float"}}]
player_update_entity_overrides	value	["switch",{"compareTo":"type","fields":{"set_int":"li32","set_float":"lf32"}}]
player_video_capture	action	["mapper",{"type":"u8","mappings":{"0":"stop","1":"start"}}]
player_video_capture		["switch",{"compareTo":"action","fields":{"start":["container",[{"name":"frame_rate","type":"li32"},{"name":"file_prefix","type":"string"}]]}}]
position_tracking_db_broadcast	broadcast_action	["mapper",{"type":"u8","mappings":{"0":"update","1":"destory","2":"not_found"}}]
position_tracking_db_broadcast	tracking_id	"zigzag32"
position_tracking_db_broadcast	nbt	"nbt"
position_tracking_db_request	action	["mapper",{"type":"u8","mappings":{"0":"query"}}]
position_tracking_db_request	tracking_id	"zigzag32"
purchase_receipt	receipts	["array",{"countType":"varint","type":"string"}]
remove_entity	entity_id_self	"zigzag64"
remove_objective	objective_name	"string"
remove_volume_entity	entity_id	"varint64"
request_ability	ability	["mapper",{"type":"zigzag32","mappings":{"0":"build","1":"mine","2":"doors_and_switches","3":"open_containers","4":"attack_players","5":"attack_mobs","6":"operator_commands","7":"teleport","8":"invulnerable","9":"flying","10":"may_fly","11":"instant_build","12":"lightning","13":"fly_speed","14":"walk_speed","15":"muted","16":"world_builder","17":"no_clip","18":"ability_count"}}]
request_ability	value_type	["mapper",{"type":"u8","mappings":{"1":"bool","2":"float"}}]
request_ability	bool_value	"bool"
request_ability	float_val	"lf32"
request_chunk_radius	chunk_radius	"zigzag32"
request_chunk_radius	max_radius	"u8"
request_network_settings	client_protocol	"i32"
request_permissions	entity_unique_id	"li64"
request_permissions	permission_level	"PermissionLevel"
request_permissions	requested_permissions	"RequestPermissions"
resource_pack_chunk_data	pack_id	"string"
resource_pack_chunk_data	chunk_index	"lu32"
resource_pack_chunk_data	progress	"lu64"
resource_pack_chunk_data	payload	"ByteArray"
resource_pack_chunk_request	pack_id	"string"
resource_pack_chunk_request	chunk_index	"lu32"
resource_pack_client_response	response_status	["mapper",{"type":"u8","mappings":{"0":"none","1":"refused","2":"send_packs","3":"have_all_packs","4":"completed"}}]
resource_pack_client_response	resourcepackids	"ResourcePackIds"
resource_pack_data_info	pack_id	"string"
resource_pack_data_info	max_chunk_size	"lu32"
resource_pack_data_info	chunk_count	"lu32"
resource_pack_data_info	size	"lu64"
resource_pack_data_info	hash	"ByteArray"
resource_pack_data_info	is_premium	"bool"
resource_pack_data_info	pack_type	["mapper",{"type":"u8","mappings":{"1":"addon","2":"cached","3":"copy_protected","4":"behavior","5":"persona_piece","6":"resources","7":"skins","8":"world_template"}}]
resource_pack_stack	must_accept	"bool"
resource_pack_stack	resource_packs	"ResourcePackIdVersions"
resource_pack_stack	game_version	"string"
resource_pack_stack	experiments	"Experiments"
resource_pack_stack	experiments_previously_used	"bool"
resource_pack_stack	has_editor_packs	"bool"
resource_packs_info	must_accept	"bool"
resource_packs_info	has_addons	"bool"
resource_packs_info	has_scripts	"bool"
resource_packs_info	disable_vibrant_visuals	"bool"
resource_packs_info	world_template	["container",[{"name":"uuid","type":"uuid"},{"name":"version","type":"string"}]]
resource_packs_info	texture_packs	"TexturePackInfos"
respawn	position	"vec3f"
respawn	state	"u8"
respawn	runtime_entity_id	"varint64"
rider_jump	jump_strength	"zigzag32"
script_custom_event	event_name	"string"
script_custom_event	event_data	"string"
script_message	message_id	"string"
script_message	data	"string"
server_post_move	position	"vec3f"
server_script_debug_drawer	shapes	["array",{"countType":"varint","type":["container",[{"name":"network_id","type":"varint64"},{"name":"shape_type","type":["option",["mapper",{"type":"u8","mappings":{"0":"line","1":"box","2":"sphere","3":"circle","4":"text","5":"arrow"}}]]},{"name":"location","type":["option","vec3f"]},{"name":"scale","type":["option","lf32"]},{"name":"rotation","type":["option","vec3f"]},{"name":"time_left","type":["option","lf32"]},{"name":"color","type":["option","li32"]},{"name":"text","type":["option","string"]},{"name":"box_bound","type":["option","vec3f"]},{"name":"line_end_location","type":["option","vec3f"]},{"name":"arrow_head_length","type":["option","lf32"]},{"name":"arrow_head_radius","type":["option","lf32"]},{"name":"segment_count","type":["option","u8"]}]]}]
server_settings_response	form_id	"varint"
server_settings_response	data	"string"
server_stats	server_time	"lf32"
server_stats	network_time	"lf32"
server_to_client_handshake	token	"string"
serverbound_data_driven_screen_closed	form_id	["option","lu32"]
serverbound_data_driven_screen_closed	close_reason	["mapper",{"type":"u8","mappings":{"0":"programmatic_close","1":"programmatic_close_all","2":"client_canceled","3":"user_busy","4":"invalid_form"}}]
serverbound_data_store	name	"string"
serverbound_data_store	property	"string"
serverbound_data_store	path	"string"
serverbound_data_store	data_type	["mapper",{"type":"lu32","mappings":{"0":"double","1":"bool","2":"string"}}]
serverbound_data_store	data	["switch",{"compareTo":"data_type","fields":{"double":"lf64","bool":"bool","string":"string"}}]
serverbound_data_store	update_count	"lu32"
serverbound_data_store	path_update_count	"lu32"
serverbound_diagnostics	average_frames_per_second	"lf32"
serverbound_diagnostics	average_server_sim_tick_time	"lf32"
serverbound_diagnostics	average_client_sim_tick_time	"lf32"
serverbound_diagnostics	average_begin_frame_time	"lf32"
serverbound_diagnostics	average_input_time	"lf32"
serverbound_diagnostics	average_render_time	"lf32"
serverbound_diagnostics	average_end_frame_time	"lf32"
serverbound_diagnostics	average_remainder_time_percent	"lf32"
serverbound_diagnostics	average_unaccounted_time_percent	"lf32"
serverbound_diagnostics	memory_category_values	["array",{"countType":"varint","type":"MemoryCategoryCounter"}]
serverbound_loading_screen	type	"zigzag32"
serverbound_loading_screen	loading_screen_id	["option","lu32"]
serverbound_pack_setting_change	pack_id	"uuid"
serverbound_pack_setting_change	pack_setting	["container",[{"name":"name","type":"string"},{"name":"type","type":["mapper",{"type":"varint","mappings":{"0":"float","1":"bool","2":"string"}}]},{"name":"value","type":["switch",{"compareTo":"type","fields":{"float":"lf32","bool":"bool","string":"string"}}]}]]
set_commands_enabled	enabled	"bool"
set_default_game_type	gamemode	"GameMode"
set_difficulty	difficulty	"varint"
set_display_objective	display_slot	"string"
set_display_objective	objective_name	"string"
set_display_objective	display_name	"string"
set_display_objective	criteria_name	"string"
set_display_objective	sort_order	"zigzag32"
set_entity_data	runtime_entity_id	"varint64"
set_entity_data	metadata	"MetadataDictionary"
set_entity_data	properties	"EntityProperties"
set_entity_data	tick	"varint64"
set_entity_link	link	"Link"
set_entity_motion	runtime_entity_id	"varint64"
set_entity_motion	velocity	"vec3f"
set_entity_motion	tick	"varint64"
set_health	health	"zigzag32"
set_hud	elements	["array",{"countType":"varint","type":"Element"}]
set_hud	visibility	["mapper",{"type":"varint","mappings":{"0":"hide","1":"reset"}}]
set_last_hurt_by	entity_type	"varint"
set_local_player_as_initialized	runtime_entity_id	"varint64"
set_movement_authority	movement_authority	["mapper",{"type":"u8","mappings":{"0":"client","1":"server","2":"server_with_rewind"}}]
set_player_game_type	gamemode	"GameMode"
set_player_inventory_options	left_tab	["mapper",{"type":"zigzag32","mappings":{"0":"none","1":"construction","2":"equipment","3":"items","4":"nature","5":"search","6":"survival"}}]
set_player_inventory_options	right_tab	["mapper",{"type":"zigzag32","mappings":{"0":"none","1":"fullscreen","2":"crafting","3":"armor"}}]
set_player_inventory_options	filtering	"bool"
set_player_inventory_options	layout	["mapper",{"type":"zigzag32","mappings":{"0":"none","1":"inventory_only","2":"default","3":"recipe_book_only"}}]
set_player_inventory_options	crafting_layout	["mapper",{"type":"zigzag32","mappings":{"0":"none","1":"inventory_only","2":"default","3":"recipe_book_only"}}]
set_score	action	["mapper",{"type":"u8","mappings":{"0":"change","1":"remove"}}]
set_score	entries	["array",{"countType":"varint","type":["container",[{"name":"scoreboard_id","type":"zigzag64"},{"name":"objective_name","type":"string"},{"name":"score","type":"li32"},{"anon":true,"type":["switch",{"compareTo":"../action","fields":{"change":["container",[{"name":"entry_type","type":["mapper",{"type":"i8","mappings":{"1":"player","2":"entity","3":"fake_player"}}]},{"name":"entity_unique_id","type":["switch",{"compareTo":"entry_type","fields":{"player":"zigzag64","entity":"zigzag64"}}]},{"name":"custom_name","type":["switch",{"compareTo":"entry_type","fields":{"fake_player":"string"}}]}]]}}]}]]}]
set_scoreboard_identity	action	["mapper",{"type":"i8","mappings":{"0":"register_identity","1":"clear_identity"}}]
set_scoreboard_identity	entries	["array",{"countType":"varint","type":["container",[{"name":"scoreboard_id","type":"zigzag64"},{"name":"entity_unique_id","type":["switch",{"compareTo":"../action","fields":{"register_identity":"zigzag64"},"default":"void"}]}]]}]
set_spawn_position	spawn_type	["mapper",{"type":"zigzag32","mappings":{"0":"player","1":"world"}}]
set_spawn_position	player_position	"BlockCoordinates"
set_spawn_position	dimension	"zigzag32"
set_spawn_position	world_position	"BlockCoordinates"
set_time	time	"zigzag32"
set_title	type	["mapper",{"type":"zigzag32","mappings":{"0":"clear","1":"reset","2":"set_title","3":"set_subtitle","4":"action_bar_message","5":"set_durations","6":"set_title_json","7":"set_subtitle_json","8":"action_bar_message_json"}}]
set_title	text	"string"
set_title	fade_in_time	"zigzag32"
set_title	stay_time	"zigzag32"
set_title	fade_out_time	"zigzag32"
set_title	xuid	"string"
set_title	platform_online_id	"string"
set_title	filtered_message	"string"
settings_command	command_line	"string"
settings_command	suppress_output	"bool"
show_credits	runtime_entity_id	"varint64"
show_credits	status	"zigzag32"
show_profile	xuid	"string"
show_store_offer	offer_uuid	"uuid"
show_store_offer	redirect_type	["mapper",{"type":"u8","mappings":{"0":"marketplace","1":"dressing_room","2":"third_party_server_page"}}]
simple_event	event_type	["mapper",{"type":"lu16","mappings":{"0":"uninitialized_subtype","1":"enable_commands","2":"disable_commands","3":"unlock_world_template_settings"}}]
simulation_type	type	["mapper",{"type":"u8","mappings":{"0":"game","1":"editor","2":"test","3":"invalid"}}]
spawn_experience_orb	position	"vec3f"
spawn_experience_orb	count	"zigzag32"
spawn_particle_effect	dimension	"u8"
spawn_particle_effect	entity_id	"zigzag64"
spawn_particle_effect	position	"vec3f"
spawn_particle_effect	particle_name	"string"
spawn_particle_effect	molang_variables	["option","string"]
start_game	entity_id	"zigzag64"
start_game	runtime_entity_id	"varint64"
start_game	player_gamemode	"GameMode"
start_game	player_position	"vec3f"
start_game	rotation	"vec2f"
start_game	seed	"lu64"
start_game	biome_type	"li16"
start_game	biome_name	"string"
start_game	dimension	["mapper",{"type":"zigzag32","mappings":{"0":"overworld","1":"nether","2":"end"}}]
start_game	generator	"zigzag32"
start_game	world_gamemode	"GameMode"
start_game	hardcore	"bool"
start_game	difficulty	"zigzag32"
start_game	spawn_position	"BlockCoordinates"
start_game	achievements_disabled	"bool"
start_game	editor_world_type	["mapper",{"type":"zigzag32","mappings":{"0":"not_editor","1":"project","2":"test_level","3":"realms_upload"}}]
start_game	created_in_editor	"bool"
start_game	exported_from_editor	"bool"
start_game	day_cycle_stop_time	"zigzag32"
start_game	edu_offer	"zigzag32"
start_game	edu_features_enabled	"bool"
start_game	edu_product_uuid	"string"
start_game	rain_level	"lf32"
start_game	lightning_level	"lf32"
start_game	has_confirmed_platform_locked_content	"bool"
start_game	is_multiplayer	"bool"
start_game	broadcast_to_lan	"bool"
start_game	xbox_live_broadcast_mode	"varint"
start_game	platform_broadcast_mode	"varint"
start_game	enable_commands	"bool"
start_game	is_texturepacks_required	"bool"
start_game	gamerules	["array",{"countType":"varint","type":"GameRuleVarint"}]
start_game	experiments	"Experiments"
start_game	experiments_previously_used	"bool"
start_game	bonus_chest	"bool"
start_game	map_enabled	"bool"
start_game	permission_level	"PermissionLevel"
start_game	server_chunk_tick_range	"li32"
start_game	has_locked_behavior_pack	"bool"
start_game	has_locked_resource_pack	"bool"
start_game	is_from_locked_world_template	"bool"
start_game	msa_gamertags_only	"bool"
start_game	is_from_world_template	"bool"
start_game	is_world_template_option_locked	"bool"
start_game	only_spawn_v1_villagers	"bool"
start_game	persona_disabled	"bool"
start_game	custom_skins_disabled	"bool"
start_game	emote_chat_muted	"bool"
start_game	game_version	"string"
start_game	limited_world_width	"li32"
start_game	limited_world_length	"li32"
start_game	is_new_nether	"bool"
start_game	edu_resource_uri	"EducationSharedResourceURI"
start_game	experimental_gameplay_override	"bool"
start_game	chat_restriction_level	["mapper",{"type":"u8","mappings":{"0":"none","1":"dropped","2":"disabled"}}]
start_game	disable_player_interactions	"bool"
start_game	level_id	"string"
start_game	world_name	"string"
start_game	premium_world_template_id	"string"
start_game	is_trial	"bool"
start_game	rewind_history_size	"zigzag32"
start_game	server_authoritative_block_breaking	"bool"
start_game	current_tick	"li64"
start_game	enchantment_seed	"zigzag32"
start_game	block_properties	"BlockProperties"
start_game	multiplayer_correlation_id	"string"
start_game	server_authoritative_inventory	"bool"
start_game	engine	"string"
start_game	property_data	"nbt"
start_game	block_pallette_checksum	"lu64"
start_game	world_template_id	"uuid"
start_game	client_side_generation	"bool"
start_game	block_network_ids_are_hashes	"bool"
start_game	server_controlled_sound	"bool"
start_game	has_server_join_info	"bool"
start_game	server_join_info	["switch",{"compareTo":"has_server_join_info","fields":{"true":"ServerJoinInformation"}}]
start_game	server_identifier	"string"
start_game	scenario_identifier	"string"
start_game	world_identifier	"string"
start_game	owner_identifier	"string"
stop_sound	name	"string"
stop_sound	stop_all	"bool"
stop_sound	stop_music_legacy	"bool"
structure_block_update	position	"BlockCoordinates"
structure_block_update	structure_name	"string"
structure_block_update	filtered_structure_name	"string"
structure_block_update	data_field	"string"
structure_block_update	include_players	"bool"
structure_block_update	show_bounding_box	"bool"
structure_block_update	structure_block_type	"zigzag32"
structure_block_update	settings	"StructureBlockSettings"
structure_block_update	redstone_save_mode	"zigzag32"
structure_block_update	should_trigger	"bool"
structure_block_update	water_logged	"bool"
structure_template_data_export_request	name	"string"
structure_template_data_export_request	position	"BlockCoordinates"
structure_template_data_export_request	settings	"StructureBlockSettings"
structure_template_data_export_request	request_type	["mapper",{"type":"u8","mappings":{"1":"export_from_save","2":"export_from_load","3":"query_saved_structure","4":"import_from_save"}}]
structure_template_data_export_response	name	"string"
structure_template_data_export_response	success	"bool"
structure_template_data_export_response	nbt	["switch",{"compareTo":"success","fields":{"true":"nbt"}}]
structure_template_data_export_response	response_type	["mapper",{"type":"u8","mappings":{"1":"export","2":"query","3":"import"}}]
sub_client_login	tokens	["encapsulated",{"lengthType":"varint","type":"LoginTokens"}]
subchunk	cache_enabled	"bool"
subchunk	dimension	"zigzag32"
subchunk	origin	"vec3i"
subchunk	entries	["switch",{"compareTo":"cache_enabled","fields":{"true":"SubChunkEntryWithCaching","false":"SubChunkEntryWithoutCaching"}}]
subchunk_request	dimension	"zigzag32"
subchunk_request	origin	"vec3i"
subchunk_request	requests	["array",{"countType":"lu32","type":["container",[{"name":"dx","type":"i8"},{"name":"dy","type":"i8"},{"name":"dz","type":"i8"}]]}]
sync_entity_property	nbt	"nbt"
sync_world_clocks	payload_type	["mapper",{"type":"varint","mappings":{"0":"sync_state","1":"initialize_registry","2":"add_time_marker","3":"remove_time_marker"}}]
sync_world_clocks		["switch",{"compareTo":"payload_type","fields":{"sync_state":["container",[{"name":"sync_states","type":["array",{"countType":"varint","type":"SyncWorldClockStateData"}]}]],"initialize_registry":["container",[{"name":"clocks","type":["array",{"countType":"varint","type":"WorldClockData"}]}]],"add_time_marker":["container",[{"name":"add_clock_id","type":"varint64"},{"name":"add_time_markers","type":["array",{"countType":"varint","type":"TimeMarkerData"}]}]],"remove_time_marker":["container",[{"name":"remove_clock_id","type":"varint64"},{"name":"remove_time_marker_ids","type":["array",{"countType":"varint","type":"varint64"}]}]]}}]
take_item_entity	runtime_entity_id	"varint64"
take_item_entity	target	"varint"
text	needs_translation	"bool"
text	category	["mapper",{"type":"u8","mappings":{"0":"message_only","1":"authored","2":"parameters"}}]
text	type	["mapper",{"type":"u8","mappings":{"0":"raw","1":"chat","2":"translation","3":"popup","4":"jukebox_popup","5":"tip","6":"system","7":"whisper","8":"announcement","9":"json_whisper","10":"json","11":"json_announcement"}}]
text		["switch",{"compareTo":"type","fields":{"chat":["container",[{"name":"source_name","type":"string"},{"name":"message","type":"string"}]],"whisper":["container",[{"name":"source_name","type":"string"},{"name":"message","type":"string"}]],"announcement":["container",[{"name":"source_name","type":"string"},{"name":"message","type":"string"}]],"raw":["container",[{"name":"message","type":"string"}]],"tip":["container",[{"name":"message","type":"string"}]],"system":["container",[{"name":"message","type":"string"}]],"json_whisper":["container",[{"name":"message","type":"string"}]],"json":["container",[{"name":"message","type":"string"}]],"json_announcement":["container",[{"name":"message","type":"string"}]],"translation":["container",[{"name":"message","type":"string"},{"name":"parameters","type":["array",{"countType":"varint","type":"string"}]}]],"popup":["container",[{"name":"message","type":"string"},{"name":"parameters","type":["array",{"countType":"varint","type":"string"}]}]],"jukebox_popup":["container",[{"name":"message","type":"string"},{"name":"parameters","type":["array",{"countType":"varint","type":"string"}]}]]}}]
text	xuid	"string"
text	platform_chat_id	"string"
text	has_filtered_message	"bool"
text	filtered_message	["switch",{"compareTo":"has_filtered_message","fields":{"true":"string"}}]
tick_sync	request_time	"li64"
tick_sync	response_time	"li64"
ticking_areas_load_status	preload	"bool"
toast_request	title	"string"
toast_request	message	"string"
toggle_crafter_slot_request	position	"vec3li"
toggle_crafter_slot_request	slot	"u8"
toggle_crafter_slot_request	disabled	"bool"
transfer	server_address	"string"
transfer	port	"lu16"
transfer	reload_world	"bool"
trim_data	patterns	["array",{"countType":"varint","type":["container",[{"name":"item_name","type":"string"},{"name":"pattern","type":"string"}]]}]
trim_data	materials	["array",{"countType":"varint","type":["container",[{"name":"material","type":"string"},{"name":"color","type":"string"},{"name":"item_name","type":"string"}]]}]
unlocked_recipes	unlock_type	["mapper",{"type":"lu32","mappings":{"0":"empty","1":"initially_unlocked","2":"newly_unlocked","3":"remove_unlocked","4":"remove_all_unlocked"}}]
unlocked_recipes	recipes	["array",{"countType":"varint","type":"string"}]
update_abilities	entity_unique_id	"li64"
update_abilities	permission_level	"PermissionLevel"
update_abilities	command_permission	"CommandPermissionLevel"
update_abilities	abilities	["array",{"countType":"u8","type":"AbilityLayers"}]
update_adventure_settings	no_pvm	"bool"
update_adventure_settings	no_mvp	"bool"
update_adventure_settings	immutable_world	"bool"
update_adventure_settings	show_name_tags	"bool"
update_adventure_settings	auto_jump	"bool"
update_attributes	runtime_entity_id	"varint64"
update_attributes	attributes	"PlayerAttributes"
update_attributes	tick	"varint64"
update_block	position	"BlockCoordinates"
update_block	block_runtime_id	"varint"
update_block	flags	"UpdateBlockFlags"
update_block	layer	"varint"
update_block_properties	nbt	"nbt"
update_block_synced	position	"BlockCoordinates"
update_block_synced	block_runtime_id	"varint"
update_block_synced	flags	"UpdateBlockFlags"
update_block_synced	layer	"varint"
update_block_synced	entity_unique_id	"zigzag64"
update_block_synced	transition_type	["mapper",{"type":"varint","mappings":{"0":"entity","1":"create","2":"destroy"}}]
update_client_input_locks	locks	"InputLockFlags"
update_client_options	graphics_mode	["option",["mapper",{"type":"u8","mappings":{"0":"simple","1":"fancy","2":"advanced","3":"ray_traced"}}]]
update_equipment	window_id	"WindowID"
update_equipment	window_type	"WindowType"
update_equipment	size	"u8"
update_equipment	entity_id	"zigzag64"
update_equipment	inventory	"nbt"
update_player_game_type	gamemode	"GameMode"
update_player_game_type	player_unique_id	"zigzag64"
update_player_game_type	tick	"varint64"
update_soft_enum	enum_type	"string"
update_soft_enum	options	["array",{"countType":"varint","type":"string"}]
update_soft_enum	action_type	["mapper",{"type":"u8","mappings":{"0":"add","1":"remove","2":"update"}}]
update_subchunk_blocks	x	"zigzag32"
update_subchunk_blocks	y	"zigzag32"
update_subchunk_blocks	z	"zigzag32"
update_subchunk_blocks	blocks	["array",{"countType":"varint","type":"BlockUpdate"}]
update_subchunk_blocks	extra	["array",{"countType":"varint","type":"BlockUpdate"}]
update_trade	window_id	"WindowID"
update_trade	window_type	"WindowType"
update_trade	size	"varint"
update_trade	trade_tier	"varint"
update_trade	villager_unique_id	"varint64"
update_trade	entity_unique_id	"varint64"
update_trade	display_name	"string"
update_trade	new_trading_ui	"bool"
update_trade	economic_trades	"bool"
update_trade	offers	"nbt"
video_stream_connect	server_uri	"string"
video_stream_connect	frame_send_frequency	"lf32"
video_stream_connect	action	["mapper",{"type":"u8","mappings":{"1":"none","2":"close"}}]
video_stream_connect	resolution_x	"li32"
video_stream_connect	resolution_y	"li32"
voxel_shapes	shapes	["array",{"countType":"varint","type":"VoxelShape"}]
voxel_shapes	name_map	["array",{"countType":"varint","type":"VoxelShapeNameEntry"}]
voxel_shapes	custom_shape_count	"lu16"
